<?xml version="1.0" encoding="UTF-8"?>
<!DOCTYPE mapper
        PUBLIC "-//mybatis.org//DTD Mapper 3.0//EN"
        "http://mybatis.org/dtd/mybatis-3-mapper.dtd">
<mapper namespace="com.bosch.web.mapper.HoneyTypeMapper">

    <resultMap id="BaseResultMap" type="com.bosch.web.domain.HoneyType">
            <id property="id" column="id" jdbcType="BIGINT"/>
            <result property="name" column="name" jdbcType="VARCHAR"/>
            <result property="code" column="code" jdbcType="VARCHAR"/>
            <result property="pic" column="pic" jdbcType="VARCHAR"/>
            <result property="des" column="des" jdbcType="VARCHAR"/>
            <result property="status" column="status" jdbcType="CHAR"/>
            <result property="createBy" column="create_by" jdbcType="VARCHAR"/>
            <result property="createTime" column="create_time" jdbcType="TIMESTAMP"/>
            <result property="updateBy" column="update_by" jdbcType="VARCHAR"/>
            <result property="updateTime" column="update_time" jdbcType="TIMESTAMP"/>
            <result property="remark" column="remark" jdbcType="VARCHAR"/>
            <result property="deleteFlag" column="delete_flag" jdbcType="INTEGER"/>
    </resultMap>

    <sql id="Base_Column_List">
        id,name,code,
        pic,des,status,
        create_by,create_time,update_by,
        update_time,remark,delete_flag
    </sql>

    <select id="getList" parameterType="com.bosch.web.domain.dto.HoneyTypeDTO" resultType="com.bosch.web.domain.HoneyType">
        select
        <include refid="Base_Column_List"/>
        from honey_type
        where 1=1 and delete_flag=0
        <if test="name != null and name != ''">and name like concat('%', #{name}, '%')</if>
        <if test="code != null and code != ''">and code like concat('%', #{code}, '%')</if>
        <if test="des != null and des != ''">and des like concat('%', #{des}, '%')</if>


    </select>

    <delete id="deleteAreaByIds" parameterType="String">
        UPDATE honey_type SET delete_flag=1 WHERE id IN
        <foreach item="id" collection="array" open="(" separator="," close=")">
            #{id}
        </foreach>
    </delete>
</mapper>
