<?xml version="1.0" encoding="UTF-8"?>
<!DOCTYPE mapper
        PUBLIC "-//mybatis.org//DTD Mapper 3.0//EN"
        "http://mybatis.org/dtd/mybatis-3-mapper.dtd">
<mapper namespace="com.bosch.web.mapper.PImagesMapper">

    <resultMap id="BaseResultMap" type="com.bosch.web.domain.PImages">
            <id property="id" column="id" jdbcType="INTEGER"/>
            <result property="base" column="base" jdbcType="VARCHAR"/>
            <result property="remark" column="remark" jdbcType="VARCHAR"/>
            <result property="createBy" column="create_by" jdbcType="VARCHAR"/>
            <result property="createTime" column="create_time" jdbcType="TIMESTAMP"/>
            <result property="updateBy" column="update_by" jdbcType="VARCHAR"/>
            <result property="updateTime" column="update_time" jdbcType="TIMESTAMP"/>
    </resultMap>

    <sql id="Base_Column_List">
        id,base,remark,
        create_by,create_time,update_by,
        update_time
    </sql>
</mapper>
