<?xml version="1.0" encoding="UTF-8"?>
<!DOCTYPE mapper
        PUBLIC "-//mybatis.org//DTD Mapper 3.0//EN"
        "http://mybatis.org/dtd/mybatis-3-mapper.dtd">
<mapper namespace="com.bosch.web.mapper.PVerifyMapper">

    <resultMap id="BaseResultMap" type="com.bosch.web.domain.PVerify">
        <id property="id" column="id" jdbcType="BIGINT"/>
        <result property="userName" column="user_name" jdbcType="VARCHAR"/>
        <result property="telephone" column="telephone" jdbcType="VARCHAR"/>
        <result property="appId" column="app_id" jdbcType="VARCHAR"/>
        <result property="gender" column="gender" jdbcType="CHAR"/>
        <result property="position" column="position" jdbcType="VARCHAR"/>
        <result property="userPhoneOs" column="user_phone_os" jdbcType="VARCHAR"/>
        <result property="checkedTime" column="checked_time" jdbcType="TIMESTAMP"/>
        <result property="checkedResult" column="checked_result" jdbcType="VARCHAR"/>
        <result property="province" column="province" jdbcType="VARCHAR"/>
        <result property="city" column="city" jdbcType="VARCHAR"/>
        <result property="productId" column="product_id" jdbcType="BIGINT"/>
        <result property="remark" column="remark" jdbcType="VARCHAR"/>
        <result property="token" column="token" jdbcType="VARCHAR"/>
        <result property="url" column="url" jdbcType="VARCHAR"/>
    </resultMap>

    <sql id="Base_Column_List">
        id ,user_name,telephone,
        app_id,gender,position,
        user_phone_os,checked_time,checked_result,
        province,city,product_id,
        remark,token,url
    </sql>

    <select id="selectBy" parameterType="com.bosch.web.domain.dto.PVerifyDTO" resultType="com.bosch.web.domain.vo.PVerifyVO">
        SELECT
        <include refid="Base_Column_List"/>
        FROM p_verify where 1=1

        and token=#{token}

        ${params.dataScope}
    </select>

    <select id="selectByLoc" parameterType="com.bosch.web.domain.dto.PVerifyDTO" resultType="com.bosch.web.domain.vo.PVerifyVO">
        SELECT
        <include refid="Base_Column_List"/>
        FROM p_verify where 1=1

        and token=#{token}

        ${params.dataScope}
    </select>
</mapper>
