{
	"pages": [{
			"path": "pages/home/home",
			"style": {
				"navigationBarBackgroundColor": "#fff",
				"navigationBarTextStyle": "black"
			}
		},
		{
			"path": "pages/webview/webview",
			"style": {
				"navigationBarBackgroundColor": "#fff",
				"navigationBarTextStyle": "black"
			}
		},
		{
			"path": "pages/verify/verifySuccess",
			"style": {
				"navigationBarBackgroundColor": "#fff",
				"navigationBarTextStyle": "black"
			}

		},
		{
			"path": "pages/verify/verifyFailed",
			"style": {
				"navigationBarBackgroundColor": "#fff",
				"navigationBarTextStyle": "black"
			}

		}, {
			"path": "pages/enterInformation/enterInformation",
			"style": {
				"navigationBarBackgroundColor": "#fff",
				"navigationBarTextStyle": "black"
			}

		}
	],

	"globalStyle": {
		"navigationBarTextStyle": "black",
		"navigationBarTitleText": "力士乐防伪验证",
		"navigationBarBackgroundColor": "#F8F8F8",
		"backgroundColor": "#F8F8F8"
	},
	"uniIdRouter": {}
}